feature,coefficient,odds_ratio
categorical__ethnicity_detail_Asian - Japanese,0.934678745093394,2.546395284345681
categorical__program_code_1_CT_ATM,0.8065430626838498,2.240150525927234
categorical__program_description_Airline Travel Management,0.8065430626838498,2.240150525927234
categorical__program_description_Public Health-General Studies,0.7926915177606,2.2093348950329514
categorical__program_code_1_AA_PUBG,0.7926915177606,2.2093348950329514
categorical__education_goal_Prepare for a new career,0.7433746144054619,2.10302043639064
categorical__program_code_1_CT_VRAR,0.7032065446737155,2.020220259193987
categorical__program_description_Immersive Media (VR/AR),0.7032065446737155,2.020220259193987
categorical__program_description_Arch Tech: Design 2,0.6970251484182413,2.007770993809944
categorical__program_code_1_AS_ARDD,0.6970251484182413,2.007770993809944
categorical__attendance_status_FT,0.6817408293401415,1.9773169091420715
categorical__program_code_1_CE_YOGA,0.6783983904864557,1.9707188811741305
categorical__program_description_Yoga Instructor,0.6783983904864557,1.9707188811741305
categorical__education_goal_Certificate Only,0.6780900345492721,1.9701112919882813
categorical__program_code_1_CN_PILA,0.6617200166482092,1.9381230730698564
categorical__program_description_Pilates Instructor,0.6617200166482092,1.9381230730698564
categorical__program_code_1_CT_FSMC,0.5809790308913887,1.787787873786636
categorical__program_code_1_CE_AVFO,0.5736345422774448,1.7747055862658125
categorical__program_description_Aviatn Sci:Flight Operations,0.5736345422774448,1.7747055862658125
categorical__program_description_EC: Assoc Preschool,0.5617344020531121,1.753711504941074
categorical__program_code_1_CN_ECAP,0.5617344020531121,1.753711504941074
categorical__program_code_1_CN_FTV,0.5468485003069427,1.7277992697701847
categorical__education_goal_AA Degree w/Transfer Bach.,0.544535829998917,1.7238080566596838
categorical__program_description_Welding Technology,0.5410819228611197,1.717864453943188
numeric__international_student,0.534725252682214,1.706979189867787
categorical__residency_VACA Non-Resident Fee Exemptn,0.5261462051615726,1.692397571911734
categorical__residency_Military Dependent NR Exempt,0.5183828089978764,1.6793096880423963
categorical__program_description_Film & Television,0.5097607389078858,1.6648928032176158
categorical__ipeds_ethnicity_Asian,0.4898242069350148,1.6320292953044688
categorical__program_description_Public Health Science,0.48500301549182345,1.6241799065380729
categorical__program_code_1_AST_HLTH,0.48500301549182345,1.6241799065380729
categorical__program_code_1_CT_PHST,0.47824096760881646,1.6132341737321556
categorical__ethnicity_detail_White,0.47796571555197,1.6127901888143448
categorical__program_code_1_AS_MKGN,0.4751957824331471,1.608329049238117
categorical__program_code_1_CN_MRPM,0.4690472882012101,1.5984705857661277
categorical__program_description_Professional Mariner - Level 1,0.4690472882012101,1.5984705857661277
categorical__program_code_1_AAT_ENGL,0.4638598325742733,1.5902000605691724
categorical__program_code_1_CT_DNDI,0.4625146405956763,1.5880623743248772
categorical__program_description_Dance Instructor,0.4625146405956763,1.5880623743248772
categorical__program_code_1_AS_TRAV,0.4599857446193322,1.5840514035777735
categorical__program_description_Travel Specialist,0.4599857446193322,1.5840514035777735
categorical__program_description_HVACR Technology,0.45544266816361434,1.576871259263395
categorical__program_code_1_AS_DMAN,0.4543559599311254,1.575158591038254
categorical__program_description_Ceramics,0.44421969608123857,1.5592730141652413
categorical__program_code_1_CE_CERM,0.44421969608123857,1.5592730141652413
categorical__program_code_1_AST_NUTR,0.4393055646344387,1.5516293380089263
categorical__program_code_1_AS_FAAT,0.41127262219220806,1.5087366155799469
categorical__program_description_Aviation Science,0.4087783494140344,1.5049781042351378
categorical__program_description_Animation,0.40687845754838026,1.5021215230338647
categorical__ethnicity_detail_Asian - Vietnamese,0.40236676489157214,1.4953596775430684
categorical__program_code_1_CT_CSU,0.4006502318924733,1.4927950450788927
categorical__program_description_CSU Breadth Certificate,0.4006502318924733,1.4927950450788927
categorical__residency_Non-Resident-Out of state,0.3932139991463831,1.4817354455236846
categorical__program_description_Physics,0.3780034959425276,1.4593680447336896
categorical__program_code_1_AST_PHYS,0.3780034959425276,1.4593680447336896
categorical__program_code_1_CT_HMSM,0.36291281370651757,1.4375105225631646
categorical__program_description_HTT: Spa Management,0.36291281370651757,1.4375105225631646
categorical__program_code_1_CT_CAAV,0.3623299052825589,1.4366728297428535
categorical__program_code_1_CT_AVSC,0.360472339908592,1.434006593161645
categorical__program_description_Advanced Culinary Arts,0.35981427528251814,1.4330632345786287
categorical__program_description_Photography: Still,0.35334246753939264,1.4238186716245596
categorical__program_description_Kinesiology,0.35157768558195246,1.4213081580283329
categorical__program_code_1_AAT_KIN,0.35157768558195246,1.4213081580283329
categorical__program_code_1_AS_PEPT,0.3499399499132898,1.4189823360224534
categorical__program_description_Fitness Spec: Personal Trainer,0.3499399499132898,1.4189823360224534
categorical__program_description_Marketing: Internatnl Business,0.3485639715043629,1.4170311896409293
categorical__ethnicity_detail_Multiple Ethnicities,0.3483513095676024,1.4167298730841071
categorical__program_code_1_AS_CTMS,0.3352886879731155,1.3983440120571164
categorical__program_description_Sociology,0.3266636650109862,1.386335125750258
categorical__program_code_1_AAT_SOC,0.3266636650109862,1.386335125750258
categorical__education_goal_Two Yr. Vocational Degree,0.3263355911793456,1.3858803800727724
categorical__program_code_1_AS_WELD,0.3243503640075358,1.3831318218443145
categorical__program_description_Media Arts & Creative Ent,0.31706418822768295,1.373090705355689
categorical__program_code_1_CN_MART,0.31706418822768295,1.373090705355689
categorical__program_description_Political Science,0.3144799081077575,1.3695468354915148
categorical__program_code_1_AAT_PSCI,0.3144799081077575,1.3695468354915148
categorical__program_code_1_CT_ACCT,0.30420555914695896,1.3555476726758542
categorical__program_description_Global Studies,0.29578122280349356,1.344176049593506
categorical__program_code_1_AAT_GLST,0.29578122280349356,1.344176049593506
categorical__program_code_1_AS_DENA,0.29510287238910166,1.3432645364108746
categorical__program_description_Elementary Teacher Education,0.2899011055964472,1.3362953293611362
categorical__program_code_1_AAT_ETE,0.2899011055964472,1.3362953293611362
categorical__program_code_1_CN_DSLR,0.276675787796348,1.3187387505224621
categorical__program_description_Digtl SLR Photogrphy/Videogrph,0.276675787796348,1.3187387505224621
categorical__program_code_1_CN_IBUS,0.260659859725253,1.29778616100986
categorical__program_description_Earth Science,0.2588724097422733,1.2954685051225112
categorical__program_code_1_AS_ERTH,0.2588724097422733,1.2954685051225112
categorical__program_description_Art History,0.2585778145444282,1.2950869225309016
categorical__program_code_1_AAT_ARTH,0.2585778145444282,1.2950869225309016
categorical__program_code_1_AS_ECPT,0.25554202437556367,1.2911612721240195
categorical__high_school_feeder_Feeder HS,0.25432362669521635,1.289589082195882
categorical__program_code_1_AS_UXDS,0.2523277993832128,1.2870178518037991
categorical__program_code_1_AA_JOUR,0.24517060824622394,1.277839304531501
categorical__program_code_1_AS_HVAC,0.24498447737582174,1.2776014813233214
categorical__program_code_1_AAT_PSYC,0.24206321393667815,1.2738747169067361
categorical__program_description_Psychology,0.24206321393667815,1.2738747169067361
categorical__program_code_1_CE_MKRS,0.24112881010472545,1.2726849594333678
categorical__program_description_Real Estate Salesperson,0.24112881010472545,1.2726849594333678
categorical__ethnicity_detail_Hispanic - Mexican,0.23470908311690009,1.2645408389375759
categorical__program_description_Journalism,0.23019936470202204,1.2588509553594216
categorical__program_code_1_AA_FTV,0.22960088158891448,1.2580977797246502
categorical__program_code_1_AAT_ECON,0.22907751348449298,1.2574395037498494
categorical__program_description_Economics,0.22907751348449298,1.2574395037498494
categorical__program_code_1_CN_WELD,0.2167315588535805,1.2420106506207949
categorical__age_category_35 to 39,0.21626878285865153,1.2414360108812355
categorical__program_description_Studio Arts,0.2136813625749872,1.238228046132049
categorical__program_code_1_AAT_ARTS,0.2136813625749872,1.238228046132049
categorical__program_code_1_AS_CULN,0.2129734902052101,1.2373518488652142
categorical__program_description_Culinology:Professional Levl 2,0.2129734902052101,1.2373518488652142
categorical__program_description_Fashion Merchandising,0.2128787392694611,1.2372346141738195
categorical__program_code_1_CT_HVAC,0.21045819078779268,1.2342434493971426
categorical__ethnicity_detail_Hispanic - South American,0.20644968117156448,1.229305875429304
categorical__program_code_1_CN_CSPR,0.19617579941455507,1.2167407888518122
categorical__ipeds_ethnicity_Unknown,0.19548805701521602,1.2159042723092326
categorical__program_description_EC: Preschool Teacher,0.192959416617371,1.212833571631428
categorical__program_description_Computer Science,0.19016176357924908,1.2094452260227198
categorical__ethnicity_detail_Asian - Other,0.17126215586927723,1.1868018353101775
categorical__program_code_1_AS_ENGR,0.16813316040506174,1.1830941414542473
categorical__program_description_Engineering,0.16813316040506174,1.1830941414542473
categorical__program_description_Accounting,0.16300534845788178,1.1770429850364623
categorical__program_code_1_AS_ARCH,0.1511522393599097,1.1631737254265913
categorical__program_description_Architecture,0.1511522393599097,1.1631737254265913
categorical__program_code_1_CE_MKAD,0.15101584833110185,1.1630150897839833
categorical__program_description_Marketing: Advertising,0.15101584833110185,1.1630150897839833
categorical__age_category_50 +,0.1497032291931845,1.1614894954006842
categorical__district_status_In-District,0.14601649404227532,1.1572152750510531
categorical__ethnicity_detail_Asian - Chinese,0.14348289377763201,1.1542870651470085
categorical__program_description_History,0.13457041190840685,1.1440452105730474
categorical__program_code_1_AAT_HIST,0.13457041190840685,1.1440452105730474
categorical__program_code_1_AAT_PHIL,0.13266112742219688,1.1418629867069812
categorical__program_description_Philosophy,0.13266112742219688,1.1418629867069812
categorical__program_code_1_AAT_ANTH,0.12529993244759405,1.1334883720296571
categorical__program_code_1_AA_MUS,0.12359926724753596,1.131562326044585
categorical__program_description_Mathematics,0.12297300329747317,1.1308538912092878
categorical__program_code_1_AST_MATH,0.12297300329747317,1.1308538912092878
categorical__program_description_Liberal Arts,0.11980853077435913,1.1272809912962514
categorical__program_code_1_AA_LIB,0.11980853077435913,1.1272809912962514
numeric__zipcode,0.11195955013614928,1.118467617867155
categorical__education_goal_AA Degree w/out Transfer,0.10671485101104158,1.1126169476438954
categorical__program_code_1_AS_CHEM,0.10523013601658868,1.110966254286465
categorical__program_description_Chemistry,0.10523013601658868,1.110966254286465
categorical__ipeds_ethnicity_Filipino,0.10188417923417561,1.1072552211533597
categorical__ethnicity_detail_Filipino,0.10188417923417561,1.1072552211533597
categorical__program_code_1_AST_BSAD,0.10152237840170424,1.106854687753616
categorical__program_code_1_AAT_THEA,0.10045783637295012,1.1056770213676765
categorical__program_description_Theatre,0.10045783637295012,1.1056770213676765
categorical__education_goal_Discover Career Interests/Goal,0.09991253415291154,1.1050742575924277
categorical__program_code_1_CT_FSDE,0.09520388253999802,1.09988307922353
categorical__program_description_DMAD: GraphicsDesign,0.09455025892767992,1.0991644045691085
categorical__program_code_1_AS_DMAG,0.09455025892767992,1.0991644045691085
categorical__program_code_1_AS_CTBP,0.0930228405616893,1.0974868021968183
categorical__education_goal_4 yr college student meet 4 yr,0.09113303579565198,1.0954147249347845
categorical__program_code_1_AS_IDA,0.08984644159914307,1.0940062769517
categorical__program_description_Interior Design:Assistnt Lvl 2,0.08984644159914307,1.0940062769517
categorical__program_code_1_AS_IBUS,0.08790411177910955,1.0918834182499524
categorical__program_description_Geology,0.08757280473114992,1.091521729496261
categorical__program_code_1_AST_GEOL,0.08757280473114992,1.091521729496261
categorical__program_description_Dental Assisting: Registered,0.08738218593473009,1.091313684767166
categorical__program_code_1_CT_MACE,0.08717458354093227,1.0910871489493268
numeric__disability,0.0693881857927922,1.0718522061994695
categorical__program_code_1_CE_BAFN,0.06910812725729833,1.0715520668705876
categorical__program_description_Business Administratn Finance,0.06910812725729833,1.0715520668705876
categorical__program_description_Nutrition and Dietetics,0.0666365432789873,1.0689069061651408
categorical__program_code_1_AS_SLPA,0.06601436924032576,1.0682420668826964
categorical__program_description_Speech-Lang Pathology Assist,0.06601436924032576,1.0682420668826964
categorical__program_code_1_CE_EMS,0.0636485090802022,1.0657177428116147
categorical__program_description_Emergency Medical Services,0.0636485090802022,1.0657177428116147
categorical__program_code_1_AST_BIOL,0.05556456322256933,1.0571372670578392
categorical__district_status_Out-of-District,0.05469983579103412,1.0562235265892779
categorical__gender_N,0.05367717666650133,1.0551439220900516
categorical__program_code_1_AS_AVSC,0.04830600950544311,1.0494917606459664
categorical__program_description_Music,0.047766571625136325,1.0489257777052476
categorical__program_description_Anthropology,0.04557161712007737,1.0466259582668636
numeric__athlete,0.044961069384783434,1.0459871381932628
categorical__program_description_Advanced Baking & Pastry,0.042625456718548074,1.0435469681398997
categorical__program_code_1_AS_ABP,0.042625456718548074,1.0435469681398997
categorical__program_description_Medical Assisting:CMA Eligible,0.0391414826217039,1.0399176035113613
categorical__program_code_1_AS_CIST,0.0378962049878101,1.0386234233526614
categorical__ethnicity_detail_Asian - Indian,0.032122602229596356,1.032644102013727
categorical__program_code_1_CT_BSAD,0.03187401992586705,1.0323874368664443
categorical__ipeds_ethnicity_White,0.029852953710836287,1.0303030205781598
categorical__gender_B,0.02775351404330907,1.028142230564985
categorical__program_description_UX Design,0.02689150345358396,1.0272563429516022
categorical__program_description_Const Tech: Master Specialist,0.0244835114043973,1.024785693691009
categorical__ethnicity_detail_Hispanic - Other,0.020072390991224452,1.0202751960862333
categorical__program_description_Flight Attend/Airline/Travel,0.018202376330883136,1.018369049328636
categorical__program_description_English,0.01667973656918412,1.0168196200327253
categorical__program_code_1_AAT_CMST,0.015686013869653747,1.015809685175675
categorical__program_description_Communication Studies,0.015686013869653747,1.015809685175675
categorical__program_code_1_AST_ECE,0.01444201072052684,1.0145468004075813
categorical__program_description_Early Childhood Education,0.01444201072052684,1.0145468004075813
categorical__ethnicity_detail_Asian,0.014066572021047769,1.0141659717696532
categorical__program_description_Natural Science,0.01403960178182971,1.0141386198396334
categorical__program_code_1_AS_NS,0.01403960178182971,1.0141386198396334
categorical__age_category_30 to 34,0.0035795493707743565,1.0035859636087001
categorical__program_description_Business Administration,0.0033903505656019757,1.0033961043046407
categorical__program_code_1_AS_CAAV,-0.0025156300000412613,0.9974875315454588
numeric__veteran,-0.0028520632790627162,0.9971519999895935
categorical__program_code_1_AS_CSPR,-0.0060140358353051,0.9940040122794142
categorical__program_description_Horticulture,-0.012056565605201134,0.9880158235682311
categorical__program_code_1_AS_OH,-0.012056565605201134,0.9880158235682311
categorical__program_code_1_AAT_JOUR,-0.014971243544201984,0.985140268338325
categorical__program_description_Environmental Resource Mgmt,-0.017444404873799037,0.9827068678587544
categorical__program_code_1_CE_ERM,-0.017444404873799037,0.9827068678587544
categorical__program_code_1_CT_CULN,-0.017762981458636095,0.9823938503235721
categorical__program_description_Culinary/Food Sci Asst Level 1,-0.017762981458636095,0.9823938503235721
categorical__program_code_1_CE_LSCP,-0.028655192460597414,0.9717514739410298
categorical__program_description_Landscape Site Design,-0.028655192460597414,0.9717514739410298
categorical__program_description_Const Tech: Construction Tech,-0.029645151430982255,0.9707899558626661
categorical__program_code_1_AS_ECAD,-0.030337942859631567,0.970117633818591
categorical__program_code_1_CE_CARP,-0.03086068949955599,0.9696106406112239
categorical__program_description_Carpentry,-0.03086068949955599,0.9696106406112239
categorical__gender_F,-0.03111469632215441,0.9693643841699767
categorical__bog_eligible_Yes,-0.033052827040575786,0.9674874487403153
categorical__ethnicity_detail_Pacific Islander - Hawaiian,-0.037012518474068085,0.9636640716698527
categorical__program_code_1_AS_ARCD,-0.039163892179245596,0.961593098642671
categorical__program_code_1_CT_APPD,-0.03942730336507113,0.9613398376216332
categorical__education_goal_Maintain License/Cert.,-0.040813406340576085,0.9600082446878953
categorical__program_description_Radiologic Tech: Diagnostic,-0.04321159912172929,0.957708718301538
categorical__program_code_1_AS_RADT,-0.04321159912172929,0.957708718301538
categorical__program_code_1_CN_FNDS,-0.04389262715483158,0.9570567138586797
categorical__program_description_Dietetic Serv Sup/Dietary Mgr,-0.04389262715483158,0.9570567138586797
categorical__program_code_1_CT_DMAN,-0.04747750238274551,0.9536319273373941
categorical__program_description_Biology,-0.04759725254118999,0.9535177366003136
categorical__program_code_1_AS_MACE,-0.04803310091922829,0.9531022379951596
categorical__ipeds_ethnicity_Multiple,-0.049762543603418766,0.9514553268320933
categorical__program_code_1_AS_MRSC,-0.05124143054812989,0.9500492719251542
categorical__program_description_Marine Science,-0.05124143054812989,0.9500492719251542
categorical__program_code_1_CN_ARCD,-0.052492036926311034,0.9488618768827637
categorical__program_description_Drone Videography,-0.053054647441120234,0.9483281873574746
categorical__program_code_1_CM_DRNV,-0.053054647441120234,0.9483281873574746
categorical__program_code_1_CT_MGMT,-0.054894120794958944,0.9465853663539611
categorical__program_code_1_AA_MIDI,-0.05621965338084592,0.9453314678308065
categorical__program_code_1_CE_MKSL,-0.05698692049852527,0.9446064242668445
categorical__program_description_Marketing: Sales,-0.05698692049852527,0.9446064242668445
categorical__program_code_1_AS_MTTL,-0.06201448713155149,0.9398692706826944
categorical__program_description_Manufacturing Tech: Tooling,-0.06201448713155149,0.9398692706826944
categorical__program_code_1_CT_ECPT,-0.06258260775819142,0.9393354632115497
categorical__age_category_19 or less,-0.06546030306660044,0.9366362276075871
categorical__program_code_1_AA_MSGP,-0.06587025500201715,0.9362523304683621
categorical__program_description_Music: Studio Guitar Performer,-0.06587025500201715,0.9362523304683621
categorical__education_goal_Bachelor's Degree or higher,-0.06775530152869519,0.9344891136596969
categorical__ipeds_ethnicity_American Indian Native Alaskan,-0.0684613081873945,0.9338295909640731
categorical__ethnicity_detail_American Indian Native Alaskan,-0.0684613081873945,0.9338295909640731
categorical__ethnicity_detail_Pacific Islander,-0.0686237846623147,0.9336778779491888
categorical__program_code_1_AS_APPD,-0.07068545394318168,0.9317549258767265
categorical__program_code_1_AAT_MUS,-0.07583269562239989,0.9269712799398363
categorical__program_code_1_AA_ANTH,-0.07972831532751652,0.9233671770207444
categorical__program_code_1_CE_MTCO,-0.08065731393295549,0.9225097685282957
categorical__program_description_CNC Operator,-0.08065731393295549,0.9225097685282957
numeric__foster_youth,-0.08289253316724836,0.9204500597577492
categorical__ethnicity_detail_Asian - Laotian,-0.08359725591026601,0.9198016261766081
categorical__ipeds_ethnicity_Hispanic,-0.08435296559819205,0.9191067857586225
categorical__program_code_1_CE_MTCP,-0.08450720687460639,0.9189650324872097
categorical__program_description_CNC Programmer,-0.08450720687460639,0.9189650324872097
categorical__program_code_1_AA_FLNG,-0.08484340335149647,0.9186561316095053
categorical__program_description_Foreign Languages,-0.08484340335149647,0.9186561316095053
categorical__program_description_General Marketing,-0.0851874080200082,0.9183401639617637
categorical__program_description_Astronomy,-0.08549959526938401,0.9180535146184482
categorical__program_code_1_AS_ASTR,-0.08549959526938401,0.9180535146184482
categorical__program_code_1_CT_APCN,-0.08727976705772822,0.9164206754498527
categorical__program_description_Arch Tech: Design 1,-0.09165592910555681,0.9124190323755972
categorical__program_code_1_AAT_GEOG,-0.09598322632916473,0.908479254472879
categorical__program_description_Geography,-0.09598322632916473,0.908479254472879
categorical__ethnicity_detail_Pacific Islander - Other,-0.09961476325183638,0.905186061811386
categorical__program_description_Python Programming,-0.10266106630153767,0.9024327865353683
categorical__program_code_1_CE_CSPY,-0.10266106630153767,0.9024327865353683
categorical__program_code_1_AS_MRPM,-0.10303478398622255,0.9020955944550468
categorical__program_description_Professional Mariners,-0.10303478398622255,0.9020955944550468
categorical__program_code_1_AS_BIOL,-0.10316181576375882,0.9019810069264584
categorical__program_description_Welding: Pipe,-0.10374067345156142,0.9014590393733874
categorical__program_code_1_CE_PIPE,-0.10374067345156142,0.9014590393733874
categorical__high_school_feeder_Not a Feeder HS,-0.10723862824469553,0.8983112849666822
categorical__ethnicity_detail_Asian - Korean,-0.10735684041891382,0.8982050999128681
categorical__program_description_Apparel Prod and Product Dev,-0.11011275730825235,0.8957331291454895
categorical__program_description_Marketing: Internat'l Business,-0.11638264313592046,0.8901345542470641
categorical__program_code_1_CE_MKIB,-0.11638264313592046,0.8901345542470641
categorical__program_description_Interior Design: Professional,-0.11659218610142227,0.8899480523536338
categorical__program_code_1_CF_IDP,-0.11659218610142227,0.8899480523536338
categorical__program_code_1_CN_CTBP,-0.12266799199267117,0.8845572939186648
categorical__program_code_1_AS_PHST,-0.12489850006942232,0.8825864805049422
categorical__program_code_1_CO_BSMAW,-0.1251332773954354,0.8823792935334273
categorical__program_description_Basic Welding SMAW,-0.1251332773954354,0.8823792935334273
categorical__program_code_1_CT_ECAD,-0.12724839925858353,0.8805149261752235
categorical__program_code_1_AS_RE,-0.12819456434943866,0.8796822076967998
categorical__program_code_1_AS_BSAD,-0.13000604776197094,0.8780901204244657
categorical__residency_Undetermined,-0.13098987805886997,0.8772266535826514
categorical__program_code_1_AS_HMHR,-0.13199778178566826,0.8763429389936841
categorical__program_code_1_AS_AMAP,-0.13434527591495588,0.8742881418448947
categorical__education_goal_Advance current job/career,-0.13644186468391395,0.8724570393510768
categorical__program_code_1_AS_CTEV,-0.14004478632979367,0.8693193009060395
categorical__program_description_Echo & Vascular Ultrasound,-0.14004478632979367,0.8693193009060395
categorical__program_code_1_AS_ACCT,-0.14120021068907757,0.8683154482593566
categorical__age_category_40 to 49,-0.14492636867256195,0.8650859881953946
categorical__residency_AB 540 Waiver,-0.1460215530477273,0.864139078153136
categorical__program_description_Entertainment Art,-0.147537682012887,0.862829924540451
categorical__program_code_1_CT_EART,-0.147537682012887,0.862829924540451
categorical__program_description_Early Childhood Administration,-0.15758634211821465,0.8542030567230595
categorical__program_code_1_AS_MGMT,-0.1578574762944902,0.8539714844758968
categorical__program_code_1_CE_SMAW,-0.15799437779786873,0.8538545824980405
categorical__program_description_Advanced Welding SMAW,-0.15799437779786873,0.8538545824980405
categorical__program_code_1_CN_CIST,-0.1586407056537544,0.853302890802557
categorical__program_code_1_AS_MTMO,-0.15954250567474038,0.8525337291048677
categorical__program_description_Manufactr Tech: CNC Operator,-0.15954250567474038,0.8525337291048677
numeric__age,-0.16732424537415513,0.8459252795054175
categorical__program_description_Integrative Health Coach,-0.17011113820063495,0.8435710584168823
categorical__program_code_1_AS_IHC,-0.17011113820063495,0.8435710584168823
categorical__program_code_1_CT_HMHR,-0.1707784299633448,0.8430083381685142
categorical__program_code_1_AS_ECIT,-0.17449582632180013,0.8398803596122426
categorical__program_description_EC: Infant & Toddler,-0.17449582632180013,0.8398803596122426
categorical__program_description_Plumbing,-0.17523080959032916,0.8392632883966495
categorical__program_code_1_CE_CNPL,-0.17523080959032916,0.8392632883966495
categorical__program_description_Comm Art:Narrativ Illustration,-0.18174249357449193,0.8338160257574456
categorical__program_code_1_CT_CAIL,-0.18174249357449193,0.8338160257574456
categorical__age_category_20 to 24,-0.18546005473561014,0.830722018328828
categorical__program_description_Athletics Coaching,-0.1873637625121627,0.8291420707188155
categorical__program_code_1_CN_ATHC,-0.1873637625121627,0.8291420707188155
categorical__education_goal_Personal development/interest,-0.18860567292213498,0.828112989695328
categorical__program_description_Res Const Developm First Award,-0.19018856744536128,0.8268032110735071
categorical__program_code_1_AS_CTRS,-0.19018856744536128,0.8268032110735071
categorical__program_code_1_AS_MTMP,-0.19371627738306887,0.82389162779939
categorical__program_description_Manufactr Tech: CNC Programmer,-0.19371627738306887,0.82389162779939
categorical__program_code_1_CT_DENA,-0.20772068645437067,0.8124339288246932
categorical__program_description_Management & Leadership Study,-0.21275159708944932,0.8083569104884525
categorical__program_description_CIS: Network Technician,-0.2133545123083445,0.8078696866968985
categorical__program_code_1_CE_CSNT,-0.2133545123083445,0.8078696866968985
categorical__program_description_Arch Tech: Design/Build,-0.2146902843185182,0.8067912773963699
categorical__program_code_1_CN_ATDB,-0.2146902843185182,0.8067912773963699
categorical__program_code_1_AS_DMS,-0.21689129994184111,0.8050174699950576
categorical__program_description_Diagnostic Med Sonography,-0.21689129994184111,0.8050174699950576
categorical__program_description_Neurodiagnostic Technology,-0.21973286538674705,0.8027332071479828
categorical__program_code_1_AS_NDT,-0.21973286538674705,0.8027332071479828
categorical__program_code_1_CE_AVCP,-0.21977546279840898,0.8026990135193884
categorical__program_description_Aviation Sci: Commercial Pilot,-0.21977546279840898,0.8026990135193884
categorical__program_code_1_CM_ATDF,-0.22132272340468445,0.8014579892986037
categorical__program_description_Arch Tech: Digital Fabrication,-0.22132272340468445,0.8014579892986037
categorical__program_code_1_CT_UXDS,-0.225436295929627,0.7981679053727728
categorical__program_description_Photo:Digital Technician,-0.23004736532622921,0.7944959700512951
categorical__program_code_1_CN_PHDT,-0.23004736532622921,0.7944959700512951
categorical__program_description_Dance,-0.2344935054430142,0.7909713708833395
categorical__program_code_1_AA_DANC,-0.2344935054430142,0.7909713708833395
categorical__program_code_1_CE_IDKB,-0.23637910827436798,0.7894813182920645
categorical__program_description_Interior Design:Kitchen/Bath,-0.23637910827436798,0.7894813182920645
categorical__program_code_1_CT_HMME,-0.23879391803745925,0.7875771710987963
categorical__program_description_HTT:Sales & Marketing Spec,-0.23879391803745925,0.7875771710987963
categorical__program_code_1_AA_RLST,-0.2401812941413352,0.7864852629704213
categorical__program_description_Religious Studies,-0.2401812941413352,0.7864852629704213
categorical__program_code_1_AS_MTMC,-0.24099314551746406,0.7858470129445106
categorical__program_code_1_CE_ELA,-0.2464904707338194,0.7815388089928615
categorical__program_description_Entry Level Accounting,-0.2464904707338194,0.7815388089928615
categorical__program_code_1_CN_MTMC,-0.24675059799091004,0.7813355358857524
categorical__program_code_1_CN_ATHL,-0.25136782609362945,0.777736247254489
categorical__program_description_Athletics,-0.25136782609362945,0.777736247254489
categorical__program_description_Fashion: Design,-0.25501283587944934,0.7749065512901671
categorical__program_description_Music: Entertainer Vocal,-0.2597796887127233,0.7712214758846555
categorical__program_code_1_AA_MMEV,-0.2597796887127233,0.7712214758846555
categorical__program_description_Social Media Strategist,-0.2657557541332289,0.7666263499532673
categorical__program_code_1_CN_CMSM,-0.2657557541332289,0.7666263499532673
categorical__program_description_Music: Entertainer Instrumentl,-0.26630460148914825,0.7662057045537343
categorical__program_code_1_AA_MMEI,-0.26630460148914825,0.7662057045537343
categorical__program_code_1_AST_FILM,-0.2666886429879753,0.76591150626234
categorical__program_code_1_CE_CTRE,-0.2733754760377615,0.760807069168241
categorical__program_description_Constr Tech: Residential Elect,-0.2733754760377615,0.760807069168241
categorical__program_code_1_AS_HOTL,-0.282957018227924,0.7535521761715424
categorical__program_description_Hotel Management,-0.282957018227924,0.7535521761715424
categorical__program_description_Music: Business Employee,-0.29464306719656264,0.7447973826453587
categorical__program_code_1_AA_MBE,-0.29464306719656264,0.7447973826453587
categorical__program_description_HTT: Human Resource Mgmt,-0.3027762117490123,0.7387644046667777
categorical__program_code_1_CT_CTMS,-0.31080517656871876,0.7328566396071858
categorical__program_code_1_CT_CIST,-0.3138523568943239,0.7306268922199943
categorical__program_code_1_AA_THEA,-0.3269860042095606,0.7210938352341877
categorical__program_description_Theatre Arts,-0.3269860042095606,0.7210938352341877
categorical__program_code_1_CT_CAAP,-0.3312552113673051,0.7180218983047562
categorical__program_description_Culinary Arts Basic,-0.3312552113673051,0.7180218983047562
categorical__ipeds_ethnicity_Black,-0.3347851635729423,0.7154917835404564
categorical__ethnicity_detail_African-American,-0.3347851635729423,0.7154917835404564
categorical__bog_eligible_No,-0.3416507448237472,0.710596340825503
categorical__program_code_1_CE_AVTP,-0.3416546733168811,0.7105935492581404
categorical__program_description_Aviatn Sci:Airln Transp Pilot,-0.3416546733168811,0.7105935492581404
categorical__education_goal_Undecided,-0.34348310802467247,0.70929546244468
categorical__program_code_1_CN_MIDI,-0.3444984486662676,0.7085756514232918
categorical__program_description_IGETC Breadth Certificate,-0.3464994279059399,0.7071592238487471
categorical__program_code_1_CT_IGETC,-0.3464994279059399,0.7071592238487471
categorical__age_category_25 to 29,-0.3484084068121621,0.7058105595025406
categorical__program_code_1_AS_FSDE,-0.35021671841944585,0.70453538737701
categorical__program_description_Nutrition & Fitness Education,-0.35370599542853787,0.7020813521419401
categorical__program_code_1_CT_NCFE,-0.35370599542853787,0.7020813521419401
categorical__program_code_1_CN_PUBH,-0.36005049379716403,0.6976410986335273
categorical__program_description_Public Health,-0.36005049379716403,0.6976410986335273
categorical__program_code_1_CT_DMAG,-0.36178613196529563,0.6964312963083321
categorical__program_description_DMAD: Graphic Design,-0.36178613196529563,0.6964312963083321
categorical__program_code_1_AS_FSMC,-0.3681002916219276,0.6920477716146975
categorical__program_code_1_AS_NADT,-0.37266902135545116,0.6888932040539903
categorical__program_code_1_CE_CABP,-0.3835785255292154,0.6814185671941946
categorical__program_description_Baking & Pastry - Basic,-0.3835785255292154,0.6814185671941946
categorical__program_code_1_AS_APCN,-0.38501359506037663,0.6804413854999872
categorical__program_code_1_CT_FAAT,-0.3930702458613235,0.6749813312757602
categorical__program_code_1_CF_AMAP,-0.3957192757659941,0.673195651747581
categorical__program_description_Music: MIDI Applications,-0.40071810204711267,0.6698388606291509
categorical__program_code_1_AAT_SPAN,-0.40298073833572506,0.668324972250825
categorical__program_description_Spanish,-0.40298073833572506,0.668324972250825
categorical__program_code_1_CN_KINAT,-0.4041788286897215,0.6675247380204152
categorical__program_description_Athletic Training Level 1,-0.4041788286897215,0.6675247380204152
categorical__gender_M,-0.4250195662519755,0.6537569934306406
categorical__ethnicity_detail_Hispanic - Latino,-0.42629260699432636,0.6529252636676715
categorical__program_description_Computer Information Systems,-0.43459685756026945,0.647525659540106
categorical__residency_California Resident,-0.4409428475435311,0.6434294790974211
categorical__program_code_1_AA_ENGL,-0.4471800960050881,0.6394287393428857
categorical__ethnicity_detail_Pacific Islander - Samoan,-0.44913992140940473,0.63817679784936
categorical__ethnicity_detail_Hispanic - Central American,-0.4572729859951446,0.6330075142881031
categorical__attendance_status_PT,-0.458574454387919,0.6321842108837583
categorical__education_goal_Uncollected,-0.4644534156541103,0.6284785278514168
categorical__program_description_Apparel Construction,-0.47229336211810496,0.6235705541039318
categorical__program_description_CIS: Web Design,-0.4760259245517447,0.6212473764789374
categorical__program_code_1_CE_CSWD,-0.4760259245517447,0.6212473764789374
categorical__program_description_Manufacturing Tech: Machinist,-0.4877437435083763,0.6140101969832157
categorical__program_code_1_AA_MCOM,-0.49181165227167734,0.611517532924494
categorical__program_description_Mass Comm/Media Studies,-0.49181165227167734,0.611517532924494
categorical__program_code_1_CN_RE,-0.5160637001122109,0.5968653710722686
categorical__high_school_feeder_Unknown,-0.5217885703148404,0.5934581565306424
categorical__program_description_AMT: Airframe & Powerplant,-0.5300645516809507,0.5885669754644549
categorical__program_description_Orange Coast General Admit,-0.5461881068985522,0.5791532784067128
categorical__program_code_1_GEN_ADMIT,-0.5461881068985522,0.5791532784067128
categorical__program_code_1_CN_MKGN,-0.5603831904531545,0.5709902239201562
categorical__program_code_1_AS_RSPC,-0.5688143551564714,0.5661963486716954
categorical__program_description_Respiratory Care,-0.5688143551564714,0.5661963486716954
categorical__program_code_1_CN_ELCH,-0.5745192216972959,0.5629754701431172
categorical__program_description_Electronic-Mechanical Tech,-0.5745192216972959,0.5629754701431172
categorical__district_status_Unknown,-0.5754199016976271,0.5624686376776776
categorical__attendance_status_WD,-0.5978699468165447,0.5499818799649852
categorical__program_description_Real Estate Broker,-0.6442582644616476,0.5250518473226239
categorical__ipeds_ethnicity_Pacific Islander,-0.6543909877976203,0.5197585054906072
categorical__program_description_Entrepreneurship,-0.673257320910813,0.5100444904404805
categorical__program_code_1_CE_BAEN,-0.673257320910813,0.5100444904404805
categorical__program_description_Interior Design: Merchandising,-0.691316877168717,0.5009159897094353
categorical__program_code_1_CN_IDIM,-0.691316877168717,0.5009159897094353
categorical__education_goal_Improve basic skills,-0.8294305636133832,0.43629765936113707
categorical__education_goal_Complete credits for GED/HS,-0.893816730189433,0.4090913778409036
categorical__residency_Foreign,-1.094492306520011,0.3347094936473891
categorical__ethnicity_detail_Asian - Cambodian,-1.3299585165036685,0.2644882329688929
